PRODUCT_NAME,LEAD_MARKER,SOURCE_FILE_PRODUCT,PLAN_TYPE,TARGET_GOAL,CUSTOMER_TYPE,EMPLOYMENT_TYPE,CUSTOMER_SEGMENT,TARGET_SEGMENT,SEGMENT_TIER,MIN_AGE,MAX_AGE,GENDER,IS_BANK_OFFERED,ACCOUNT_TYPE,CARD_TYPE,CHANNEL,ELIGIBILITY_TYPE,SERVICE_TYPE,REWARD_TYPE,CURRENCY,CURRENCY_TYPE,MIN_BALANCE,AVG_BALANCE_REQUIREMENT,MIN_INCOME,MIN_INCOME_USD,MIN_INVESTMENT,MIN_CONTRIBUTION,LOAN_AMOUNT_RANGE,COVERAGE_AMOUNT,FINANCING_TYPE,DEPOSIT_PROFIT_TYPE,DEPOSIT_PROFIT_FREQUENCY,TENURE,TENURE_OPTIONS,MIN_TERM_YEARS,MAX_TERM_YEARS,BUSINESS_TENURE,COLLATERAL_TYPE,EQUITY_REQUIREMENT,DBR_LIMIT,TRANSACTION_LIMIT,SPECIAL_CONDITIONS,PRODUCT_DESCRIPTION,PROVIDER_NAME,PRODUCT_VARIANT_TIER,PRICING_RATE,FEES_AND_CHARGES,KEY_BENEFITS,OPTIONAL_RIDERS,FREE_LOOK_PERIOD_DAYS,REQUIRED_DOCUMENTS,CLAIMS_SERVICE_CONTACT,KEY_EXCLUSIONS,TAX_ZAKAT_TREATMENT,PREMIUM_PAYMENT_FREQUENCY
Alfalah Insurance Zaamin Takaful Plan,IBG,Alfalah Insurance Zaamin Takaful Plan.docx,Insurance,Protection,Retail,,All Bank Alfalah Limited customers,Protection Planning,,18,60,,,,,Bank Branch,"Bank Alfalah customers, age 18-60, unique CNIC",,,PKR,PKR,,,,,,5000,,"Bronze:500,000, Silver:1,000,000, Gold:1,500,000, Platinum:1,750,000; ATM Cash Withdrawal:100,000-200,000; Fraudulent Transactions:50,000-100,000",,,,"1 year, yearly renewable",,1,1,,,,,,Yearly renewable; one policy per CNIC; ATM theft covered within 2km,"Protection plan covering Accidental Death, Permanent Disability, Accidental Medical Expenses, ATM Theft, Fraudulent Transactions, Mobile Snatching, Home Burglary and Loss of Identity Documents.",Bank Alfalah Limited in partnership with Alfalah Insurance Company Limited-WTO,"Bronze, Silver, Gold, Platinum","Bronze:5,000, Gold:10,000, Silver:15,000, Platinum:20,000 PKR/yr",,Accidental Death: Sum Covered + PIA + Surplus; Permanent Disablement: Sum Covered + PIA + Surplus; ATM Cash Withdrawal: Sum Covered; Fraudulent Transactions: Sum Covered; Accidental Medical Expenses: Sum Covered; Loss of Identity Documents: Sum,"Accidental Death Benefit, Income Benefit-Disability, Mobile Snatching, Home Burglary, Loss of Identity Documents, Card Re-Issuance Cost",,,,,,
IGI LIFE WTO Danish Education Plan,IBG,IGI LIFE WTO Danish Education Plan.docx,Insurance,Education,Salaried|Self-Employed,Salaried;Professionals;Self Employed;Landlords;Housewives;Retired;Government/Semi Government;Armed Forces,All Bank Alfalah Customers,Education Planning,Retail,18,55,,1,,,Bank Branch,"Bank Alfalah customers, age 18-55, unique CNIC",,,PKR,PKR,,,,,,25000,,,Unit Linked,,,10-25 years (up to attained age of 65),"Annual, Semi-Annual, Quarterly",10,25,,,,,,Free 14-day look period; one policy per CNIC; top-up premium available,"Saving and protection plan covering education planning, life cover, and return on investment underwritten by IGI Life Insurance.",IGI Life Insurance WTO,,,Management Fee: 25%; 5% Bid offer spread; Administration Fee; Transfer Fee- PKR 500 for fund switches; Wakalah Istismaar Fee: 0.125% of PIA value per month,"Death Benefit: Sum Covered + PIA + Surplus; Maturity Benefit: PIA value + account value of Top-up; Optional Riders: Accidental Death Benefit, Income Benefit-Disability, Income Benefit-Death; Top-Up Premium (Ad-hoc Premium)","Accidental Death Benefit, Income Benefit-Disability, Income Benefit-Death",14,Auto debit form; CNIC; Declaration form; T&C,http://igilife.com.pk/downloads/claim-forms/,War risks; suicide in first year; AIDS; pre-existing conditions; congenital birth defects,,"Annual, Semi-Annual, Quarterly"
IGI LIFE WTO Saholat Savings and Protection Plan,IBG,IGI LIFE WTO Saholat Savings and Protection Plan.docx,Insurance,Protection,Salaried|Self-Employed,"Salaried; Professionals (Chartered Accountants, Consultants, Doctors, etc.); Self Employed Individuals, Proprietorships, Partners and Family concern business; Landlords, Housewives & Retired Individuals with consistent Rental Income/Foreign Remittances; Government / Semi Government employees and Employees of Armed Forces",All Bank Alfalah Limited customers between 18 to 65 years of age,Protection and Savings Planning,Retail,18,65,,,,,Bank Branch,"Bank Alfalah customers, age 18-65, unique CNIC",,,PKR,PKR,,,,,,25000,,,Unit Linked,,,10-67 years (up to attained age of 85),,10,67,,,,,,Free 14 day look period; one policy per CNIC; top-up premium (ad-hoc premium) available,"Savings and protection plan covering life cover, return on investment, and optional riders for unforeseen risks and hazards.",IGI Life Insurance WTO,"Plan A, Plan B","Plan A:25000, Plan B:100000 PKR/yr",Management Fee: 25% of each month’s Takaful contribution from PTF; Administration Fee: Transfer Fee- PKR 500 for fund switches; Wakalah Istismaar Fee: 0.125% of PIA value per month,"Death Benefit: Sum Covered + PIA + Surplus; Maturity Benefit: PIA value along with the account value of Top-up; Optional Riders: Accidental Death Benefit, Income Benefit-Disability, Income Benefit-Death, Waiver of Contribution-Disability","Accidental Death Benefit, Income Benefit-Disability, Income Benefit-Death, Waiver of Contribution-Disability, Additional Protection Benefit",14,Auto debit form; Copy of CNIC/NICOP/POC/Smart ID; Declaration form and T&C signed by customers,http://igilife.com.pk/downloads/claim-forms/,War risks; suicide in first year; AIDS; pre-existing conditions; congenital birth defects,,
IGI LIFE WTO Shifa Takaful Plan,IBG,IGI LIFE WTO Shifa Takaful Plan.docx,Insurance,Health,Retail,,All Bank Alfalah Limited customers,Protection Planning,Retail,18,59,,,,,Bank Branch,"Bank Alfalah customers, age 18-59, unique CNIC",,,PKR,PKR,,,,,,7700,,"Bronze:150K, Silver:300K, Gold:500K hospitalization per annum; Additional Coverage (in case of Hospitalization due to Accident): Bronze:100K, Silver",,,,"1 year, yearly renewable",,1,1,,,,,,14 days free look period; one policy per CNIC; semi-private room and board for 30 days pre-hospitalization; semi-private room and board for 30 days post-hospitalization,"Health insurance plan covering hospitalization, accidental death, and related medical expenses for Bank Alfalah customers.",IGI Life – Window Takaful Operations,"Bronze, Silver, Gold","Bronze:7,700 - 13,000 PKR/yr; Silver:11,800 - 26,100 PKR/yr; Gold:13,000 - 35,700 PKR/yr",,Hospitalization coverage; accidental death coverage; pre-hospitalization and post-hospitalization coverage; lacerated wound and fractures coverage; intensive care unit coverage,,14,Auto debit form; CNIC; Declaration form and T&C signed by customers,http://igilife.com.pk/downloads/claim-forms/,War risks; suicide within first year; AIDS and/or AIDS-related diseases; pre-existing conditions; congenital birth defects,,"Annual, Semi-Annual, Quarterly"
IGI LIFE WTO Tadbeer Multipurpose Savings Plan,IBG,IGI LIFE WTO Tadbeer Multipurpose Savings Plan.docx,Insurance,Savings,Salaried|Self-Employed,Salaried; Professionals; Self Employed; Landlords; Housewives; Retired; Government/Semi Government; Armed Forces,All Bank Alfalah Customers,Multipurpose Savings Planning,Retail,18,65,,1,,,Bank Branch,"Bank Alfalah customers, age 18-65, unique CNIC",,,PKR,PKR,,,,,,25000,,,Unit Linked,,,10-65 years (up to attained age of 85),"Annual, Semi-Annual, Quarterly",10,65,,,,,,Free 14-day look period; one policy per CNIC; top-up premium available,"Savings and protection plan covering life cover, return on investment, and optional riders for unforeseen risks and hazards.",IGI Life Insurance WTO,,,Management Fee: 25% of each month’s Takaful contribution from PTF; 5% Bid offer spread; Administration Fee: Transfer Fee- PKR 500 for fund switches; Wakalah Istismaar Fee: 0.125% of PIA value per month,"Death Benefit: Sum Covered + PIA + Surplus; Maturity Benefit: PIA value along with the account value of Top-up; Optional Riders: Accidental Death Benefit, Income Benefit-Disability, Income Benefit-Death, Waiver of Contribution-Disability","Accidental Death Benefit, Income Benefit-Disability, Income Benefit-Death, Waiver of Contribution-Disability, Additional Protection Benefit, Top-Up Premium (Ad-hoc Premium)",14,Auto debit form; CNIC/NICOP/POC/Smart ID; Declaration form and T&C signed by customers,http://igilife.com.pk/downloads/claim-forms/,War risks; suicide in first year; AIDS; pre-existing conditions; congenital birth defects,,"Annual, Semi-Annual, Quarterly"
,,,,,,,,,,,,,,,,,,,,,,,,,,,,,,,,,,,,,,,,,,,,,,,,,,,,,,,
,,,,,,,,,,,,,,,,,,,,,,,,,,,,,,,,,,,,,,,,,,,,,,,,,,,,,,,
,,,,,,,,,,,,,,,,,,,,,,,,,,,,,,,,,,,,,,,,,,,,,,,,,,,,,,,
,,,,,,,,,,,,,,,,,,,,,,,,,,,,,,,,,,,,,,,,,,,,,,,,,,,,,,,
,,,,,,,,,,,,,,,,,,,,,,,,,,,,,,,,,,,,,,,,,,,,,,,,,,,,,,,
